location,Year_since_logging,latitude,longitude,RETN_m2,RETN_perimeter_m,Veg_cat,Dist_near_forest
AM-429-NW,6,56.902747,-111.924749,0,0,Pine,111
BG-6-94,6,56.249027,-110.868299,0,0,Deciduous,171
FMX-2-18-2,3,55.45094,-114.76472,0,0,Mixedwood,109
H22-CC-0,9,59.237829,-118.519178,0,0,Deciduous,41
H22-CC-10,5,58.59415,-118.85868,1073.92,151.53,Mixedwood,95
H22-CC-11,5,58.597436,-118.859945,0,0,Mixedwood,100
H22-CC-113,18,54.644332,-119.80539,0,0,Spruce,77
H22-CC-114,18,54.64646,-119.80111,0,0,Spruce,55
H22-CC-119,18,54.65072,-119.82376,0,0,Spruce,241
H22-CC-121,17,54.6496,-119.82829,0,0,Spruce,257
H22-CC-123,9,54.53807,-119.74437,0,0,Spruce,142
H22-CC-125,11,54.553336,-119.73752,405.81,83.25,Spruce,132
H22-CC-128,11,54.55799,-119.75203,0,0,Spruce,201
H22-CC-129,11,54.561676,-119.759242,0,0,Spruce,101
H22-CC-13,17,58.59399,-118.85318,0,0,Mixedwood,123
H22-CC-131,11,54.55966,-119.7706,0,0,Spruce,105
H22-CC-15,5,58.597009,-118.865571,0,0,Mixedwood,180
H22-CC-23,12,56.233167,-119.140203,0,0,Deciduous,40
H22-CC-256,5,58.626924,-118.917793,0,0,Mixedwood,98
H22-CC-257,5,58.6298,-118.92246,0,0,Mixedwood,231
H22-CC-26,13,56.237211,-119.091618,0,0,Spruce,273
H22-CC-260,5,58.6188,-118.91599,0,0,Mixedwood,120
H22-CC-269,3,59.256703,-118.665268,0,0,Pine,137
H22-CC-270,14,59.26004,-118.668368,0,0,Pine,132
H22-CC-275,13,58.556641,-118.40084,0,0,Deciduous,539
H22-CC-277,13,58.56104,-118.3924,0,0,Deciduous,624
H22-CC-278,13,58.5623,-118.42826,0,0,Mixedwood,257
H22-CC-30,13,56.224165,-119.083515,0,0,Deciduous,260
H22-CC-321,4,57.412799,-118.468809,0,0,Spruce,466
H22-CC-4,16,59.235857,-118.532852,0,0,Mixedwood,49
H22-CC-67,14,54.950011,-118.606243,0,0,Deciduous,171
H22-CC-72,13,54.919079,-118.645805,0,0,Mixedwood,170
H22-CC-74,13,54.90627,-118.63873,0,0,Mixedwood,127
H22-CC-77,13,54.87438,-118.665182,0,0,Deciduous,114
H22-CC-78,11,54.957926,-118.68615,0,0,Deciduous,217
H22-CC-80,11,54.956262,-118.699555,0,0,Deciduous,224
H22-CC-83,9,54.900996,-118.722691,0,0,Deciduous,95
H22-CC-85,13,54.900173,-118.708697,0,0,Deciduous,131
H22-RS-1,17,59.233299,-118.518184,311.79,73.19,Pine,125
H22-RS-111,22,54.64681,-119.79611,499.83,93.95,Spruce,99
H22-RS-118,12,54.65346,-119.82006,3804.21,240.62,Spruce,120
H22-RS-12,17,58.600744,-118.856154,300.95,69.42,Pine,701
H22-RS-120,17,54.646048,-119.826245,8.25,11.47,Spruce,228
H22-RS-122,9,54.54416,-119.73983,304.94,69.33,Pine,151
H22-RS-124,11,54.556637,-119.736553,1304.75,136.89,Spruce,114
H22-RS-126,11,54.556975,-119.730296,1002.52,126.48,Spruce,106
H22-RS-127,6,54.56221,-119.74971,321.72,69.87,Spruce,264
H22-RS-130,11,54.56136,-119.77514,355.95,74.46,Spruce,223
H22-RS-14N,5,58.59422,-118.86787,4222.45,257.68,Pine,114
H22-RS-18,4,57.41555,-118.474765,757.25,120.73,Spruce,280
H22-RS-24N,12,56.236948,-119.140487,8.07,12.43,Deciduous,119
H22-RS-25,13,56.241171,-119.08617,11.19,12.76,Spruce,124
H22-RS-255,5,58.62281,-118.922841,102.87,50.23,Mixedwood,230
H22-RS-258,5,58.63262,-118.92111,10.13,14.62,Mixedwood,101
H22-RS-259,9,58.615343,-118.919293,2114.15,187.42,Pine,228
H22-RS-267,14,59.256135,-118.674142,399.48,75.82,Mixedwood,147
H22-RS-27,13,56.240223,-119.09215,3899.54,304.14,Spruce,206
H22-RS-271,14,59.260237,-118.674989,2949.9,228.37,Pine,267
H22-RS-272,12,58.556385,-118.411398,3078.96,221.54,Pine,177
H22-RS-273,12,58.566342,-118.417069,1811.71,158.96,Pine,113
H22-RS-274,13,58.561479,-118.405779,10524.53,577.94,Pine,254
H22-RS-276,13,58.55614,-118.385612,2682.34,194.78,Pine,312
H22-RS-279,13,58.56283,-118.422022,55.53,29.14,Pine,124
H22-RS-28,6,56.228655,-119.05903,16.37,15.74,Spruce,462
H22-RS-29,13,56.229014,-119.084223,117.19,41.05,Deciduous,594
H22-RS-3,22,59.235857,-118.5276,0,0,Mixedwood,103
H22-RS-31,6,56.22732,-119.066225,10.13,12.39,Spruce,249
H22-RS-316,22,57.337833,-118.368251,252.6,90.97,Mixedwood,121
H22-RS-319,4,57.41689,-118.46853,9713.93,506.54,Spruce,319
H22-RS-63,7,54.958699,-118.619119,108.66,39.73,Spruce,128
H22-RS-65,13,54.95164,-118.61246,9.33,11.72,Mixedwood,101
H22-RS-66,13,54.9511,-118.60199,28.58,20.65,Deciduous,170
H22-RS-70,13,54.919879,-118.635684,17.56,17.49,Deciduous,188
H22-RS-71,13,54.921824,-118.632042,196.7,53.25,Deciduous,100
H22-RS-73,13,54.90818,-118.643392,205.31,56.89,Mixedwood,170
H22-RS-75,13,54.91088,-118.641626,121.41,50.59,Mixedwood,146
H22-RS-76,13,54.87725,-118.662359,37.14,23.03,Deciduous,213
H22-RS-79,11,54.956241,-118.678482,1510.41,143.71,Deciduous,389
H22-RS-82,9,54.902149,-118.727391,138.99,44.02,Deciduous,141
H23-CC-1,20,51.4554,-114.96161,0,0,Spruce,151
H23-CC-111,12,51.65336,-115.30146,8.670000076,12.56000042,Spruce,81
H23-CC-113,21,51.45715,-114.95101,0,0,Spruce,95
H23-CC-114,21,51.45609,-114.94499,0,0,Pine,254
H23-CC-115,20,51.4596,-114.946466,0,0,Spruce,292
H23-CC-119,21,51.45546,-115.02385,0,0,Spruce,73
H23-CC-123,12,55.32882,-115.084733,0,0,Mixedwood,599
H23-CC-137,17,58.675333,-117.414492,0,0,Mixedwood,125
H23-CC-139,21,58.668991,-117.422946,0,0,Mixedwood,246
H23-CC-140,21,51.658556,-115.383586,0,0,Mixedwood,90
H23-CC-142,22,51.69375,-115.32229,0,0,Pine,283
H23-CC-144,22,51.717225,-115.340505,206.2200012,55.97000122,Pine,167
H23-CC-146,5,51.594965,-115.148107,0,0,Spruce,96
H23-CC-148,4,51.59392,-115.14418,19.85000038,18.28000069,Spruce,80
H23-CC-149,13,51.784703,-115.287859,0,0,Deciduous,121
H23-CC-150,4,51.50562,-115.16504,41.79000092,24.85000038,Spruce,97
H23-CC-152,10,51.36516,-114.9708,0,0,Spruce,73
H23-CC-155,7,51.25814,-114.8956,0,0,Spruce,90
H23-CC-158,4,51.940177,-115.179361,0,0,Spruce,185
H23-CC-161,7,51.95495,-115.21917,0,0,Spruce,228
H23-CC-163,7,51.941495,-115.190127,0,0,Spruce,188
H23-CC-166,20,51.5471,-115.02045,0,0,Spruce,223
H23-CC-168,21,51.44641,-114.93884,0,0,Spruce,67
H23-CC-170,21,51.68461,-115.3519,0,0,Pine,194
H23-CC-171,21,51.695409,-115.35095,0,0,Pine,559
H23-CC-174,3,51.66965,-115.31643,0,0,Spruce,73
H23-CC-176,3,51.670711,-115.307841,0,0,Spruce,81
H23-CC-178,3,51.68161,-115.30584,0,0,Spruce,221
H23-CC-181,22,51.70114,-114.89507,0,0,Mixedwood,142
H23-CC-186,18,51.55683,-115.02069,0,0,Pine,254
H23-CC-190,15,55.59833,-112.27132,0,0,Deciduous,120
H23-CC-191,15,55.60035,-112.28311,0,0,Deciduous,100
H23-CC-195,14,51.63689,-115.16636,0,0,Spruce,155
H23-CC-196,14,51.63674,-115.152502,0,0,Spruce,130
H23-CC-197,4,55.11044,-115.23567,0,0,Deciduous,138
H23-CC-199,4,55.113334,-115.236637,0,0,Mixedwood,139
H23-CC-2,2,51.44802,-114.99123,0,0,Spruce,155
H23-CC-201,5,51.525136,-115.235871,0,0,Pine,106
H23-CC-203,5,55.21032,-113.46933,0,0,Mixedwood,128
H23-CC-205,6,51.56955,-114.9695,0,0,Spruce,170
H23-CC-210,16,51.87756,-115.113094,0,0,Deciduous,120
H23-CC-211,16,51.88135,-115.10275,0,0,Mixedwood,100
H23-CC-213,12,51.664435,-115.129993,0,0,Spruce,134
H23-CC-214,12,51.66389,-115.12217,0,0,Spruce,103
H23-CC-225,5,55.61413,-114.99071,0,0,Deciduous,113
H23-CC-229,1,51.39426,-115.00864,4.260000229,8.770000458,Spruce,85
H23-CC-235,1,51.657577,-115.270427,18.75,17.75,Spruce,95
H23-CC-236,21,51.65881,-115.36696,12.68000031,14.60000038,Mixedwood,206
H23-CC-89,10,51.37479,-114.99393,0,,Spruce,126
H23-RS-108,12,55.329694,-115.091744,10781.20996,471.9599915,Mixedwood,449
H23-RS-110,12,51.65224,-115.29721,8024.279785,371.3599854,Spruce,75
H23-RS-112,21,51.45228,-114.94571,3552.689941,290.1000061,Spruce,74
H23-RS-116,20,51.45167,-114.96004,3002.25,202.3800049,Pine,75
H23-RS-117,8,51.45136,-114.99291,3161.639893,251.4700012,Spruce,180
H23-RS-118,21,51.4577,-115.01988,2073.409912,193.3300018,Spruce,111
H23-RS-122,12,55.325717,-115.086867,1530.469971,206.5200043,Mixedwood,264
H23-RS-129,12,51.47099,-115.21073,5699.759766,277.7399902,Pine,213
H23-RS-137,21,51.658351,-115.359815,326.1499939,76.16999817,Mixedwood,349
H23-RS-138,21,58.67424,-117.40897,1187.319946,131.9600067,Deciduous,234
H23-RS-140,17,58.666,-117.42827,8663.700195,470.980011,Pine,268
H23-RS-141,22,51.69079,-115.297895,3848.610107,274.4500122,Pine,280
H23-RS-143,22,51.71472,-115.33544,9110.889648,393.2600098,Pine,108
H23-RS-147,4,51.596879,-115.151488,4387.529785,310.5799866,Spruce,95
H23-RS-151,10,51.367289,-114.975044,532.6300049,102.9700012,Spruce,127
H23-RS-153,10,51.36448,-114.977109,618.2199707,107.9899979,Spruce,111
H23-RS-154,7,51.26152,-114.89079,23830.83008,640.2000122,Spruce,310
H23-RS-156,7,51.255497,-114.893407,3407.379883,227.8399963,Spruce,440
H23-RS-157,4,51.94202,-115.18304,5089.120117,317.980011,Spruce,139
H23-RS-159,5,51.96252,-115.221272,17406.55078,522.75,Spruce,260
H23-RS-165,20,51.550948,-115.026998,53.29000092,28.57999992,Spruce,112
H23-RS-169,21,51.686126,-115.34758,10263.28027,473.269989,Pine,202
H23-RS-172,21,51.6953,-115.35699,3874.189941,354.3099976,Pine,453
H23-RS-173,3,51.66713,-115.32169,245.4799957,82.66999817,Spruce,105
H23-RS-175,3,51.67378,-115.315415,5495.649902,323.7600098,Spruce,131
H23-RS-177,3,51.67816,-115.306235,23854.46094,696.8900146,Mixedwood,209
H23-RS-180,22,51.702962,-114.900119,9447.919922,413.0899963,Pine,151
H23-RS-182,22,54.69929,-114.8907,2468.22998,248.1699982,Spruce,157
H23-RS-184,21,51.680104,-115.332787,3149.22998,240.6300049,Spruce,50
H23-RS-185,8,55.24525,-113.5774,2944.939941,252.8800049,Mixedwood,182
H23-RS-187,18,51.56329,-115.0147,7402.680176,355.8599854,Spruce,356
H23-RS-198,5,55.11193,-115.23083,4364.77002,249.75,Deciduous,105
H23-RS-200,4,51.52272,-115.24044,5526.509766,281.6900024,Spruce,225
H23-RS-202,5,55.20704,-113.47435,55.52000046,31.06999969,Deciduous,380
H23-RS-204,5,55.21106,-113.47859,6477.350098,319.7099915,Mixedwood,307
H23-RS-209,16,51.880253,-115.111987,5292.290039,297.5100098,Deciduous,158
H23-RS-215,12,51.653462,-115.183491,1721.069946,173.1900024,Deciduous,166
H23-RS-216,12,55.66337,-113.43356,20093.63086,694.2700195,Deciduous,188
H23-RS-221,16,51.897395,-115.008394,6695.950195,365.6600037,Deciduous,93
H23-RS-222,20,51.549335,-115.016144,200.9499969,71.40000153,Spruce,182
H23-RS-224,2,55.605312,-114.989099,4750.870117,330.9400024,Deciduous,96
H23-RS-227,4,51.94259,-115.17891,13503.67969,434.2200012,Spruce,226
H23-RS-228,1,51.391998,-115.004407,8604.780273,370,Spruce,200
H23-RS-230,1,51.389847,-115.009015,69.38999939,35.99000168,Spruce,80
H23-RS-231,21,51.67551,-115.32992,8406.969727,335.6700134,Spruce,273
H23-RS-232,1,51.66171,-115.284,17907.0293,782.7199707,Pine,145
H23-RS-233,1,51.659585,-115.278929,845.5800171,123.4300003,Spruce,107
H23-RS-234,1,51.65998,-115.27375,3755.939941,271.9500122,Pine,101
H23-RS-237,21,51.660649,-115.363501,646.6400146,106.2099991,Mixedwood,128
H23-RS-3,22,51.45638,-114.99253,510.4500122,96.81999969,Spruce,96
H23-RS-4,15,51.44602,-115.04387,1561.969971,166,Spruce,142
H23-RS-5,20,51.38247,-114.99937,3418.219971,225.0899963,Spruce,197
H-CC-10-14,22,53.66782,-118.2094,0,0,Pine,97
H-CC-1-101,8,52.62112,-115.16857,0,0,Spruce,207
H-CC-1-104,8,52.61895,-115.155674,0,0,Mixedwood,175
H-CC-1-108N,13,54.41568,-116.36199,0,0,Mixedwood,216
H-CC-1-115N,4,53.430128,-117.467584,0,0,Mixedwood,90
H-CC-1-118N,1,53.436544,-117.370703,0,0,Spruce,167
H-CC-1-122,13,52.761806,-116.098022,0,0,Mixedwood,246
H-CC-1-125,11,52.74949,-116.0711,0,0,Spruce,297
H-CC-1-17N,3,53.715232,-117.653445,0,0,Deciduous,508
H-CC-12-11,19,54.44338,-119.58883,0,0,Spruce,161
H-CC-1-21N,21,53.725137,-117.611086,0,0,Spruce,276
H-CC-1-26,4,53.724826,-117.631014,0,0,Mixedwood,177
H-CC-1-33N,22,52.90657,-116.44963,0,0,Spruce,223
H-CC-1-35N,2,54.481618,-116.357792,0,0,Mixedwood,51
H-CC-1-38N,2,54.47746,-116.3487,0,0,Spruce,122
H-CC-1-40,2,54.45721,-116.39998,0,0,Spruce,92
H-CC-1-42N,10,54.448984,-116.383643,0,0,Spruce,109
H-CC-1-44N,2,54.4815,-116.32835,0,0,Spruce,50
H-CC-1-48,2,54.464858,-116.383657,0,0,Spruce,123
H-CC-1-50,2,53.126782,-117.073054,0,0,Spruce,108
H-CC-1-52N,7,53.119794,-117.040879,0,0,Spruce,112
H-CC-1-56N,7,53.10851,-117.02946,0,0,Spruce,166
H-CC-1-57N,16,53.22741,-116.91858,0,0,Spruce,986
H-CC-1-65N,6,53.49856,-116.467358,0,0,Spruce,116
H-CC-1-67,12,53.49139,-116.47308,0,0,Deciduous,338
H-CC-1-69N,6,53.49725,-116.49407,0,0,Spruce,132
H-CC-1-72,22,53.389464,-116.351738,0,0,Pine,161
H-CC-1-83N,11,52.93108,-116.44407,0,0,Spruce,141
H-CC-1-92N,10,52.60847,-116.23225,0,0,Spruce,105
H-CC-1-99,7,52.62567,-115.17905,0,0,Spruce,390
H-CC-21-30,17,55.78689,-119.70561,0,0,Deciduous,183
H-CC-21-38,20,55.7985,-119.796833,0,0,Deciduous,165
H-CC-22-33,8,56.30029,-116.730363,0,0,Mixedwood,116
H-CC-22-35,9,56.30295,-116.712293,0,0,Pine,70
H-CC-2-58,17,49.49759,-114.402331,0,0,Spruce,288
H-CC-29-27,19,56.78031,-114.83314,0,0,Mixedwood,89
H-CC-29-46,2,56.85999,-114.622836,0,0,Pine,152
H-CC-30-24,10,58.315,-119.623737,0,0,Deciduous,74
H-CC-30-9,6,58.2848,-119.362516,0,0,Mixedwood,53
H-CC-31-26,19,57.8628,-115.527645,0,0,Mixedwood,118
H-CC-3-2,11,49.89632,-114.489806,50.24,41.2,Spruce,104
H-CC-3-20,18,49.98386,-114.424727,0,0,Spruce,148
H-CC-32-9,15,59.23227,-118.635491,0,0,Mixedwood,212
H-CC-6-47,14,52.182662,-115.342416,0,0,Spruce,188
H-CC-6-6,12,52.139794,-115.352099,0,0,Spruce,142
H-CC-95N,17,52.55606,-116.23518,3.58,8.26,Pine,223
H-CC-9-6,19,53.4108,-116.07762,0,0,Deciduous,42
H-N10-3-24,16,49.99379,-114.494687,572.16,94.33,Spruce,99
H-N10-3-54,16,50.04599,-114.5637,0,0,Spruce,95
H-N15-22-44,9,56.30891,-116.707675,0,0,Pine,87
H-N15-30-43,16,58.40268,-119.43922,1171.25,147.81,Deciduous,169
H-N15-9-41,4,53.45755,-115.939332,0,0,Mixedwood,126
H-RS-10-16,20,53.66937,-118.21569,480.62,91.87,Spruce,260
H-RS-10-2,20,53.66244,-118.21224,292.37,73.74,Pine,97
H-RS-1-103,9,52.61282,-115.154755,780.2,113.67,Deciduous,192
H-RS-1-105,9,52.604922,-115.142002,10848.07,417.47,Mixedwood,238
H-RS-1-106,8,52.614517,-115.150314,838.32,110.67,Pine,301
H-RS-1-107,13,54.412465,-116.366526,430.91,76.34,Spruce,108
H-RS-1-114,11,53.430573,-117.457241,8.85,11.47,Mixedwood,135
H-RS-1-116,11,53.437048,-117.459475,2779.09,206.21,Mixedwood,420
H-RS-1-121,11,52.76114,-116.110529,1925.35,210.31,Mixedwood,285
H-RS-1-123,12,52.752602,-116.090025,5514.06,281.58,Spruce,313
H-RS-1-124,7,52.753629,-116.077268,1378.25,135.22,Spruce,564
H-RS-1-127,7,52.76515,-116.0812,1203.47,131.11,Pine,358
H-RS-1-16N,3,53.716225,-117.649502,10.3,12.49,Spruce,197
H-RS-1-19N,20,53.726613,-117.607871,457.24,108.45,Spruce,260
H-RS-1-20N,3,53.711311,-117.651396,273.13,68.31,Mixedwood,707
H-RS-12-1,19,54.43588,-119.570248,8061.55,355.46,Spruce,542
H-RS-12-7,19,54.44048,-119.575347,8386.23,368.9,Spruce,110
H-RS-1-27N,10,53.723694,-117.618708,349.89,80.32,Spruce,237
H-RS-12-8,19,54.44096,-119.59353,4710.13,343.6,Spruce,149
H-RS-1-28N,20,53.72243,-117.625854,62.31,33.04,Spruce,261
H-RS-12-9,20,54.44105,-119.58645,777.63,104.42,Spruce,314
H-RS-1-31N,3,52.927161,-116.404785,1996.41,186.98,Spruce,632
H-RS-1-32N,3,52.92909,-116.413,5856.83,336.02,Spruce,608
H-RS-1-34,2,54.46871,-116.38253,1324.12,165.29,Spruce,101
H-RS-1-36N,2,54.47956,-116.360395,29.43,22.7,Spruce,69
H-RS-1-37N,2,54.47889,-116.35234,32.81,22.83,Spruce,166
H-RS-1-39N,2,54.48372,-116.32739,1267.51,213.45,Spruce,193
H-RS-1-41,2,54.45449,-116.39653,1373.91,145.37,Spruce,83
H-RS-1-43,10,54.444013,-116.383749,1868.88,165.05,Spruce,200
H-RS-1-45N,2,54.483053,-116.331779,183.61,57.6,Spruce,125
H-RS-1-47N,2,54.491485,-116.329728,5083.59,280.82,Spruce,130
H-RS-1-49,17,53.128793,-117.075481,683.89,134.17,Spruce,233
H-RS-1-53N,18,53.122321,-117.049177,9.62,13.35,Spruce,78
H-RS-1-54N,7,53.12075,-117.05582,13.79,14.49,Spruce,162
H-RS-1-55N,6,53.11248,-117.031476,2548.05,210.01,Mixedwood,107
H-RS-1-58N,10,53.229932,-116.93181,200.96,66.61,Spruce,503
H-RS-1-59N,15,53.227299,-116.913697,59.37,29.5,Spruce,738
H-RS-1-61,10,53.23196,-116.936745,5256.71,267.93,Spruce,333
H-RS-1-63N,11,53.496438,-116.463015,128.4,57.36,Deciduous,163
H-RS-1-64,6,53.500485,-116.472244,2128.46,184.15,Pine,158
H-RS-1-66,17,53.490616,-116.480982,10319.53,383.33,Spruce,160
H-RS-1-68N,19,53.50133,-116.505585,2983.23,206.29,Mixedwood,171
H-RS-1-70N,6,53.504441,-116.50714,6954.93,328.13,Deciduous,100
H-RS-1-71,22,53.3905,-116.35682,12.34,13.97,Pine,134
H-RS-1-76N,13,53.46948,-116.5225,4061.38,265.5,Mixedwood,98
H-RS-1-77N,0,53.38523,-116.38477,2296.62,186.48,Mixedwood,113
H-RS-1-80N,10,52.92577,-116.42212,6.88,10.76,Spruce,282
H-RS-1-81N,11,52.918237,-116.444953,2.88,6.52,Spruce,260
H-RS-1-84N,20,52.919421,-116.384319,4315.98,286.2,Spruce,168
H-RS-1-86N,10,52.92467,-116.377874,3.53,7.44,Spruce,240
H-RS-1-91N,17,52.558979,-116.236849,7.25,10.41,Pine,234
H-RS-1-93N,17,52.557136,-116.240306,1.96,5.37,Pine,71
H-RS-1-97,8,52.619903,-115.177396,6399.27,339.56,Mixedwood,394
H-RS-19-91,17,55.25964,-113.453411,1943.77,176.69,Mixedwood,312
H-RS-2-10,8,49.41281,-114.279936,7.27,10.75,Pine,45
H-RS-2-11,8,49.41308,-114.293205,374.71,76.1,Spruce,366
H-RS-21-19,17,55.78211,-119.688967,4827.87,283.37,Deciduous,120
H-RS-2-12,8,49.41566,-114.291466,3428.82,226.31,Spruce,201
H-RS-21-20,21,55.78266,-119.705961,122.52,51.78,Deciduous,124
H-RS-21-31,17,55.78776,-119.701244,0,0,Deciduous,76
H-RS-21-36,20,55.79755,-119.800653,6312.83,298.69,Deciduous,168
H-RS-21-37,20,55.79829,-119.803332,0,0,Deciduous,129
H-RS-21-43,20,55.80121,-119.802119,385.8900146,76.37000275,Deciduous,122
H-RS-22-30,9,56.29778,-116.739031,6.29,9.71,Spruce,85
H-RS-22-32,8,56.29906,-116.719507,560.54,89.28,Mixedwood,71
H-RS-22-34,9,56.30126,-116.745338,487.27,101.13,Spruce,90
H-RS-22-36,8,56.30373,-116.715974,283.46,63.11,Pine,62
H-RS-22-38,8,56.3061,-116.716478,8.23,11.29,Pine,61
H-RS-22-45,9,56.31026,-116.715096,73.16,38.66,Pine,161
H-RS-22-46,9,56.31195,-116.718575,262.35,62.92,Pine,71
H-RS-22-47,9,56.313,-116.709176,1129.62,139.93,Mixedwood,121
H-RS-2-43,20,49.48716,-114.40198,38.95,24.79,Spruce,67
H-RS-2-48,20,49.48934,-114.40242,0,0,Spruce,50
H-RS-2-59,18,49.50021,-114.400106,929.36,196.14,Spruce,206
H-RS-26-17,9,55.95781,-110.891194,6483.129883,302.6799927,Deciduous,169
H-RS-26-20,9,55.95866,-110.896083,365.84,81.71,Deciduous,136
H-RS-2-9,8,49.41258,-114.283435,1000.11,135.09,Spruce,125
H-RS-29-25,19,56.77601,-114.837107,165.88,49.37,Pine,115
H-RS-29-26,19,56.77817,-114.84046,3405.36,226.31,Pine,160
H-RS-29-33,1,56.85,-114.62178,146.47,46.22,Pine,67
H-RS-29-36,17,56.85203,-114.643598,1539.38,287.92,Pine,33
H-RS-29-44,2,56.85823,-114.619697,732.99,102.63,Pine,60
H-RS-3-1,11,49.89609,-114.481538,337.39,72.94,Spruce,196
H-RS-31-29,17,57.86324,-115.530987,1361.91,326.85,Mixedwood,278
H-RS-3-19,18,49.98352,-114.428837,711.05,107.12,Spruce,216
H-RS-3-21,16,49.99321,-114.489593,1494.68,167.81,Spruce,144
H-RS-32-12,15,59.23405,-118.630072,333.81,70.14,Pine,210
H-RS-3-23,16,49.99366,-114.503652,3894.23,256.75,Pine,62
H-RS-32-34,8,59.24608,-118.511848,727.91,148.4,Pine,89
H-RS-32-6,15,59.22934,-118.637473,617.46,101.01,Mixedwood,129
H-RS-32-7,15,59.23139,-118.624921,5601.4,328.62,Mixedwood,326
H-RS-32-8,15,59.23214,-118.620072,107.52,41.16,Mixedwood,93
H-RS-3-3,11,49.89642,-114.486165,577.34,90.31,Spruce,63
H-RS-3-4,11,49.89703,-114.476556,538.72,92.62,Spruce,167
H-RS-3-52,16,50.04288,-114.564674,23.61,20.37,Spruce,189
H-RS-3-60,16,50.05115,-114.56327,1223.46,163,Spruce,88
H-RS-5-55,18,51.55375,-115.200401,2912.45,226.97,Spruce,121
H-RS-5-60,16,51.55841,-115.184743,12902.49,789.82,Pine,218
H-RS-6-32,13,52.1558,-115.354122,878.89,155.4,Mixedwood,290
H-RS-6-45,14,52.18104,-115.338727,142.42,58.29,Spruce,202
H-RS-6-46,14,52.18122,-115.34677,59.02,33.68,Spruce,197
H-RS-7-52,20,52.81553,-115.10119,3978.62,274.72,Pine,68
H-RS-9-24,15,53.41634,-116.09058,408.07,78.87,Mixedwood,50
H-RS-9-25,19,53.41661,-116.08551,960.37,166.6,Deciduous,131
H-RS-9-38,4,53.45669,-115.94174,460.85,101.09,Pine,165
H-RS-9-5,19,53.40978,-116.072611,2065.34,193.36,Deciduous,406
H-RS-9-7,19,53.41155,-116.085971,915.03,128.35,Deciduous,159
H-STUMP-1-1,10,52.60841,-116.230683,0,0,Spruce,101
H-STUMP-1-2,18,53.11853,-117.04868,0,0,Spruce,204
H-STUMP-1-3,11,52.924793,-116.42807,0,0,Spruce,71
H-STUMP-1-4,1,53.439613,-117.363357,0,0,Deciduous,137
H-STUMP-1-5,13,54.41464,-116.35899,0,0,Mixedwood,72
H-STUMP-1-6,0,53.385759,-116.391593,0,0,Spruce,100
H-STUMP-1-7,10,53.727618,-117.608751,0,0,Spruce,138
H-STUMP-1-8,2,53.713307,-117.649681,0,0,Spruce,392
MR-6-2,16,57.483382,-111.508625,0,0,Deciduous,417
OG-37-126-E,0,55.78557,-114.19049,0,0,Mixedwood,400
OG-37-128-B,0,55.789,-114.181,354.54,80.4,Deciduous,409
P-P15-2260,22,55.835674,-110.723256,0,0,Deciduous,44
P-P15-3N,22,55.813932,-110.67583,0,0,Deciduous,180
RETN-23-3,9,55.680065,-113.444862,0,0,Deciduous,84
RETN-25-4,15,55.177659,-113.234643,2011.85,168.35,Mixedwood,102
RETN-27-2,14,55.12388,-113.229785,0,0,Deciduous,122
RETN-28-1,19,55.313223,-113.263413,0,0,Deciduous,123
RETN-29-3,18,55.36635,-113.33831,0,0,Mixedwood,89
RETN-42-1,12,55.092365,-111.552083,0,0,Deciduous,84
RETN-4-6,18,54.756868,-118.943812,3541.82,325.34,Pine,152
RETN-68-2,18,55.02968,-113.71299,3515.95,250.14,Deciduous,103
RETNO-1-14,4,53.968782,-118.661367,308.63,91.24,Spruce,486
RETNO-1-15,0,54.018014,-118.61937,0,0,Spruce,250
RETNO-1-20,1,54.427413,-117.980015,645.64,110.8,Spruce,165
RETNO-1-23,9,54.67128,-118.79331,0,0,Spruce,248
RETNO-1-34,16,55.06043,-111.81922,0,0,Deciduous,126
RETNO-1-35,16,55.06313,-111.83475,0,0,Deciduous,111
RETNO-1-36,16,55.05767,-111.84057,345.28,71.2,Deciduous,102
RETNO-1-37,15,55.05488,-111.92316,968.69,164.88,Deciduous,51
RETNO-1-4,9,54.474945,-118.991577,415.6,77.78,Spruce,138
RETNO-1-42,1,55.73402,-119.81269,308.8,68.87,Mixedwood,149
RETNO-1-45,18,54.011,-118.62235,328.63,97.74,Spruce,282
RETNO-1-51,0,54.256677,-118.216381,1158.05,128.6,Spruce,110
RETNO-1-52,0,54.415741,-118.024246,3098.52,251.45,Pine,70
RETNO-1-55,1,55.133309,-111.981693,0,0,Spruce,99
RETNO-1-60,6,54.029778,-118.600547,0,0,Spruce,134
RETNO-1-63,18,54.020852,-118.613317,3335.05,315.74,Spruce,73
RETNO-1-66,0,54.063398,-118.570438,0,0,Spruce,154
RETNO-1-8,5,54.6899,-119.080934,677.46,110.76,Spruce,108
RETNO-2-100,15,53.040487,-116.983086,0,0,Spruce,112
RETNO-2-105,14,53.06801,-117.064868,1301.02,140.6,Spruce,160
RETNO-2-111,14,53.089454,-117.121368,884.89,112.8,Spruce,659
RETNO-2-120,17,53.052029,-116.800722,29,21.59,Spruce,85
RETNO-2-144,10,54.33809,-116.91082,0,0,Deciduous,121
RETNO-2-22,14,52.79195,-116.38556,3531.07,257.5,Spruce,110
RETNO-2-55,16,53.089773,-116.941488,212.23,63.46,Spruce,72
RETNO-2-72,17,53.087256,-117.003206,1525.86,163.96,Spruce,301
RETNO-2-88,15,53.090677,-117.06344,735.71,106.49,Spruce,239
RETNO-2-92,14,53.072119,-117.040089,6585.08,301.31,Spruce,470
RETNO-2-97,15,53.059168,-117.004572,0,0,Spruce,438
RETNO-3-2,10,54.28581,-116.81299,0,0,Pine,121
RETNO-3-3,5,54.19941,-116.70456,133.88,51.3,Spruce,89
STB-2-3,0,53.705506,-117.667814,0,0,Mixedwood,389
